{
    "0": {
        "precision": 0.9949031600407747,
        "recall": 0.9959183673469387,
        "f1-score": 0.9954105048444671,
        "support": 980.0
    },
    "1": {
        "precision": 0.9964695498676082,
        "recall": 0.9947136563876652,
        "f1-score": 0.9955908289241623,
        "support": 1135.0
    },
    "2": {
        "precision": 0.9951503394762367,
        "recall": 0.9941860465116279,
        "f1-score": 0.9946679592825982,
        "support": 1032.0
    },
    "3": {
        "precision": 0.984375,
        "recall": 0.998019801980198,
        "f1-score": 0.9911504424778761,
        "support": 1010.0
    },
    "4": {
        "precision": 0.9939024390243902,
        "recall": 0.9959266802443992,
        "f1-score": 0.9949135300101729,
        "support": 982.0
    },
    "5": {
        "precision": 0.9735973597359736,
        "recall": 0.992152466367713,
        "f1-score": 0.9827873403664631,
        "support": 892.0
    },
    "6": {
        "precision": 0.9947753396029259,
        "recall": 0.9937369519832986,
        "f1-score": 0.9942558746736292,
        "support": 958.0
    },
    "7": {
        "precision": 0.9864472410454985,
        "recall": 0.9912451361867705,
        "f1-score": 0.9888403687530325,
        "support": 1028.0
    },
    "8": {
        "precision": 1.0,
        "recall": 0.9876796714579056,
        "f1-score": 0.993801652892562,
        "support": 974.0
    },
    "9": {
        "precision": 0.9939148073022313,
        "recall": 0.9712586719524281,
        "f1-score": 0.9824561403508771,
        "support": 1009.0
    },
    "accuracy": 0.9915,
    "macro avg": {
        "precision": 0.9913535236095639,
        "recall": 0.9914837450418945,
        "f1-score": 0.9913874642575842,
        "support": 10000.0
    },
    "weighted avg": {
        "precision": 0.9915595555987938,
        "recall": 0.9915,
        "f1-score": 0.9914994643082519,
        "support": 10000.0
    }
}