{
    "0": {
        "precision": 0.9938962360122076,
        "recall": 0.996938775510204,
        "f1-score": 0.9954151808456444,
        "support": 980.0
    },
    "1": {
        "precision": 0.9903930131004367,
        "recall": 0.9991189427312775,
        "f1-score": 0.9947368421052631,
        "support": 1135.0
    },
    "2": {
        "precision": 0.9951456310679612,
        "recall": 0.9932170542635659,
        "f1-score": 0.9941804073714839,
        "support": 1032.0
    },
    "3": {
        "precision": 0.9960356788899901,
        "recall": 0.995049504950495,
        "f1-score": 0.9955423476968797,
        "support": 1010.0
    },
    "4": {
        "precision": 0.9898887765419616,
        "recall": 0.9969450101832994,
        "f1-score": 0.9934043632673769,
        "support": 982.0
    },
    "5": {
        "precision": 0.9921700223713646,
        "recall": 0.9943946188340808,
        "f1-score": 0.9932810750279956,
        "support": 892.0
    },
    "6": {
        "precision": 0.9978880675818373,
        "recall": 0.9864300626304802,
        "f1-score": 0.9921259842519685,
        "support": 958.0
    },
    "7": {
        "precision": 0.9931707317073171,
        "recall": 0.9902723735408561,
        "f1-score": 0.9917194349732099,
        "support": 1028.0
    },
    "8": {
        "precision": 0.9938398357289527,
        "recall": 0.9938398357289527,
        "f1-score": 0.9938398357289527,
        "support": 974.0
    },
    "9": {
        "precision": 0.9920318725099602,
        "recall": 0.9871159563924677,
        "f1-score": 0.9895678092399404,
        "support": 1009.0
    },
    "accuracy": 0.9934,
    "macro avg": {
        "precision": 0.993445986551199,
        "recall": 0.993332213476568,
        "f1-score": 0.9933813280508714,
        "support": 10000.0
    },
    "weighted avg": {
        "precision": 0.9934103586922521,
        "recall": 0.9934,
        "f1-score": 0.9933973139841906,
        "support": 10000.0
    }
}